{"scribble_ids":[1,2,3,4,5,6,7,8,9,10,11,12,13,14],"dream_rooms":[{"l":{"geom_floor":{"p":[0.0,0.0,0.0],"t":[4,4],"sid":2},"geom_wall":{"p":[0.0,0.0,0.0],"t":[4,4],"sid":1},"sprite_00":{"p":[-1.374095830841408,1.4082947761343654,-7.387861935651845],"t":[4,4],"sid":3},"sprite_01":{"p":[1.7938687800034825,1.4860617209725744,-6.941419317072357],"t":[4,4],"sid":4},"sprite_02":{"p":[3.7707897893056406,1.3754743091267423,-5.36941845053511],"t":[4,4],"sid":5},"sprite_03":{"p":[5.290519836324582,1.4441581358873967,-3.3429696696940114],"t":[4,4],"sid":6},"sprite_04":{"p":[6.170208090360774,1.2360394111111646,-1.1677987565764572],"t":[4,4],"sid":7},"sprite_05":{"p":[-5.05490644521158,1.2714953380190381,2.111013342619052],"t":[4,4],"sid":8},"sprite_06":{"p":[-2.18563720638376,1.2330899151402246,2.650592639705927],"t":[4,4],"sid":9},"sprite_07":{"p":[-0.21109246400599802,1.3189334785922768,2.5189178298175907],"t":[4,4],"sid":10},"sprite_08":{"p":[1.9861210729828944,1.3665335057110686,3.622624026588711],"t":[4,4],"sid":11},"sprite_09":{"p":[-1.6567406002404288,1.209524224144808,6.504282813576536],"t":[4,4],"sid":12},"sprite_10":{"p":[1.2287267804231168,1.2833382003273772,7.385417050675857],"t":[4,4],"sid":13},"sprite_11":{"p":[4.259177739853293,1.1684215999365508,5.570426039976409],"t":[4,4],"sid":14}},"bgma":0},{"l":{"geom_floor":{"p":[0.0,0.0,0.0],"t":[4,4],"sid":2},"geom_wall":{"p":[0.0,0.0,0.0],"t":[4,4],"sid":1},"sprite_00":{"p":[-1.374095830841408,1.4082947761343654,-7.387861935651845],"t":[4,4],"sid":3},"sprite_01":{"p":[1.7938687800034825,1.4860617209725744,-6.941419317072357],"t":[4,4],"sid":4},"sprite_02":{"p":[3.7707897893056406,1.3754743091267423,-5.36941845053511],"t":[4,4],"sid":5},"sprite_03":{"p":[5.290519836324582,1.4441581358873967,-3.3429696696940114],"t":[4,4],"sid":6},"sprite_04":{"p":[6.170208090360774,1.2360394111111646,-1.1677987565764572],"t":[4,4],"sid":7},"sprite_05":{"p":[-5.05490644521158,1.2714953380190381,2.111013342619052],"t":[4,4],"sid":8},"sprite_06":{"p":[-2.18563720638376,1.2330899151402246,2.650592639705927],"t":[4,4],"sid":9},"sprite_07":{"p":[-0.21109246400599802,1.3189334785922768,2.5189178298175907],"t":[4,4],"sid":10},"sprite_08":{"p":[1.9861210729828944,1.3665335057110686,3.622624026588711],"t":[4,4],"sid":11},"sprite_09":{"p":[-1.6567406002404288,1.209524224144808,6.504282813576536],"t":[4,4],"sid":12},"sprite_10":{"p":[1.2287267804231168,1.2833382003273772,7.385417050675857],"t":[4,4],"sid":13},"sprite_11":{"p":[4.259177739853293,1.1684215999365508,5.570426039976409],"t":[4,4],"sid":14}},"bgma":0}]}